1,"Antigen Laboratories, Inc."
2,"Liddell Laboratories, Inc."
3,BIO NUCLEONICS INC
4,CHANEL PARFUMS BEAUTE
5,Paramesh Banerji Life Sciences
6,Sandoz Inc
7,"New World Imports, Inc"
8,"Paddock Laboratories, LLC"
9,"Preferred Pharmaceuticals, Inc."
10,"Blenheim Pharmacal, Inc."
11,American Sales Company
12,A&Z Pharmaceutical Inc.
13,Sandoz Inc
14,Dr. Reddy's Laboratories Ltd
15,Strides Arcolab Limited
16,"Levlad, LLC"
17,E. Fougera & Co. a division of Fougera Pharmaceuticals Inc.
18,"Blenheim Pharmacal, Inc."
19,"AvKARE, Inc."
20,"United Research Laboratories, Inc."
21,Rite Aid Corporation
22,Sanum Kehlbeck GmbH & Co. KG
23,"Blenheim Pharmacal, Inc."
24,"Physicians Total Care, Inc."
25,"Upsher-Smith Laboratories, Inc."
26,Camber Pharmaceuticals Inc.
27,"Antigen Laboratories, Inc."
28,Major Pharmaceuticals
29,Select Brand
30,Zep Inc.
31,"Teva Parenteral Medicines, Inc."
32,"PD-Rx Pharmaceuticals, Inc."
33,"Watson Laboratories, Inc."
34,"American Regent, Inc."
35,"Upsher-Smith Laboratories, Inc."
36,Safeway Inc
37,ENCHANTE ACCESSORIES INC.
38,REMEDYREPACK INC.
39,Bioelements
40,"Nelco Laboratories, Inc."
41,"Wyeth Pharmaceuticals Inc., a subsidiary of Pfizer Inc."
42,Rebel Distributors Corp
43,American Health Packaging
44,Rebel Distributors Corp
45,Lake Erie Medical & Surgical Supply DBA Quality Care Products LLC
46,REMEDYREPACK INC.
47,MedVantx Inc.
48,Premier Dental Products Company
49,Bare Escentuals Beauty Inc.
50,Novartis Pharmaceuticals Corporation
51,"Roxane Laboratories, Inc."
52,"Church & Dwight Co., Inc."
53,International Beauty Exchange
54,"Physicians Total Care, Inc."
55,"Nelco Laboratories, Inc."
56,Wal-Mart Stores Inc
57,Novartis Pharmaceuticals Corporation
58,REMEDYREPACK INC.
59,Apotheca Company
60,ACELLA PHARMACEUTICALS
61,"McNeil Consumer Healthcare Div McNeil-PPC, Inc"
62,Major Pharmaceuticals
63,"Wyeth BioPharma Division of Wyeth Pharmaceuticals Inc., a subsidiary of Pfizer Inc."
64,American Health Packaging
65,"Medline Industries, Inc."
66,Heel Inc
67,"Antigen Laboratories, Inc."
68,McKesson Contract Packaging
69,Enemeez Inc.
70,Atlantic Biologicals Corps
71,"EDWARDS PHARMACEUTICALS, INC."
72,"E.R. Squibb & Sons, L.L.C."
73,"Pharmaceutica North America, Inc."
74,Jubilant HollisterStier LLC
75,Baxter Healthcare Corporation
76,"Daeduck Lab Co., Ltd"
77,AbbVie Inc.
78,Premier Value
79,Physicians Formula Inc
80,Unifirst First Aid Corporation
81,Jubilant HollisterStier LLC
82,"Watson Laboratories, Inc."
83,Seton Pharmaceuticals
84,Major Pharmaceuticals
85,"AvKARE, Inc."
86,"Certus Medical, Inc."
87,"Nelco Laboratories, Inc."
88,"Fresenius Kabi USA, LLC"
89,Bryant Ranch Prepack
90,Camber Pharmaceuticals
91,H E B
92,"e-soup Co., Ltd."
93,"Liddell Laboratories, Inc."
94,"Dispensing Solutions, Inc."
95,Wockhardt USA LLC.
96,"Hospira, Inc."
97,"Fresenius Kabi USA, LLC"
98,Eli Lilly and Company
99,"Liddell Laboratories, Inc."
100,Safeway
