1,Kathryne,Wasbrough,1,1,1
2,Dermot,Sollom,2,2,2
3,Colline,Ludlam,3,3,3
4,Maximilianus,Geillier,4,4,4
5,Brynna,Patron,5,5,5
6,Worth,Tallant,6,6,6
7,Yolande,Tipler,7,7,7
8,Brok,Burborough,8,8,8
9,Arin,Flintoft,9,9,9
10,Catharina,Everett,10,10,10
11,Meade,Coch,11,11,11
12,Inger,Benedettini,12,12,12
13,Florance,Holcroft,13,13,13
14,Ruperto,Dufaur,14,14,14
15,Ivie,Bridie,15,15,15
16,Kissee,Varley,16,16,16
17,Margaux,Stede,17,17,17
18,Bertina,Eouzan,18,18,18
19,Yancy,Lethbridge,19,19,19
20,Trueman,Cardow,20,20,20
21,Zackariah,Ahrend,21,21,21
22,Solly,Lovewell,22,22,22
23,Celestyn,Mooring,23,23,23
24,Joseito,Schiementz,24,24,24
25,Batsheva,Burlingame,25,25,25
26,Renaldo,Karpeev,26,26,26
27,Hynda,Fragino,27,27,27
28,Nicky,Torrese,28,28,28
29,Brien,Spyvye,29,29,29
30,Mark,Bowdery,30,30,30
31,Candie,Sayton,31,31,31
32,Deerdre,Matteoli,32,32,32
33,Johnny,Menpes,33,33,33
34,Myrvyn,Northern,34,34,34
35,Isac,Davidge,35,35,35
36,Dana,Tidbury,36,36,36
37,Freddie,Bridgnell,37,37,37
38,Jan,Spratt,38,38,38
39,Anthea,Tejero,39,39,39
40,Izzy,Ruperti,40,40,40
41,Felicio,Clawsley,41,41,41
42,Mallissa,Bottleson,42,42,42
43,Humfrey,DeSousa,43,43,43
44,Jinny,Branigan,44,44,44
45,Druci,Hammerton,45,45,45
46,Curr,Greenrod,46,46,46
47,Mel,Redon,47,47,47
48,Nedda,MacTimpany,48,48,48
49,Valle,Shawcroft,49,49,49
50,Mattias,Ullett,50,50,50
51,Lauren,Hayworth,51,51,51
52,Page,Freda,52,52,52
53,Pepillo,Binge,53,53,53
54,Cristi,Vittori,54,54,54
55,Pauline,Bosley,55,55,55
56,Cristie,Keeting,56,56,56
57,Jo-anne,Belchambers,57,57,57
58,Isaiah,Rymour,58,58,58
59,Marlow,Perse,59,59,59
60,Jerome,Archibald,60,60,60
61,Thorstein,Wyeth,61,61,61
62,Pearla,Roles,62,62,62
63,Benedict,Redmille,63,63,63
64,Gaylene,Yankin,64,64,64
65,Enrichetta,Meller,65,65,65
66,Emelda,Kobes,66,66,66
67,Ezechiel,MacMychem,67,67,67
68,Aline,Golton,68,68,68
69,Franchot,Conring,69,69,69
70,Beatrice,Whylie,70,70,70
71,Erika,Odom,71,71,71
72,Lars,Burmaster,72,72,72
73,Annadiana,Dayly,73,73,73
74,Jamal,Bea,74,74,74
75,Oliviero,Woodington,75,75,75
76,Annecorinne,Stollenbecker,76,76,76
77,Alina,Scholar,77,77,77
78,Dulcia,Rijkeseis,78,78,78
79,Jacenta,Godden,79,79,79
80,Aguistin,Muzzi,80,80,80
81,Gabi,Bernuzzi,81,81,81
82,Gideon,Kulicke,82,82,82
83,Arabel,Buchan,83,83,83
84,Kellina,Rathbourne,84,84,84
85,Ray,Olensby,85,85,85
86,Francene,Burghill,86,86,86
87,Maximilian,Gasparro,87,87,87
88,Shalna,Kumaar,88,88,88
89,Corly,Peart,89,89,89
90,Tiphanie,Malley,90,90,90
91,Norean,Finlay,91,91,91
92,Jacquette,Keaveney,92,92,92
93,Jilly,Espy,93,93,93
94,Morty,Leggis,94,94,94
95,Albina,Charity,95,95,95
96,Marney,Anderton,96,96,96
97,Krishna,Gatrell,97,97,97
98,Hunfredo,Brumbye,98,98,98
99,Murdoch,Croughan,99,99,99
100,Carlyle,Berthomieu,100,100,100
