1,Levetiracetam
2,Protamine Sulfate
3,Spironolactone and Hydrochlorothiazide
4,Nux vomica
5,Phenazopyridine Hydrochloride
6,Ibuprofen
7,RABBIT
8,Nucynta
9,BD E-Z Scrub
10,ANTIBACTERIAL FOAMING
11,"Dextroamphetamine Saccharate, Amphetamine Aspartate, Dextroamphetamine Sulfate, and Amphetamine Sulfate"
12,Esika
13,Childrens Night Time Cold and Cough
14,MS Contin
15,Maximum Strength Laxative
16,Montelukast Sodium
17,Atenolol
18,cetylpyridinium chloride
19,Ciprofloxacin
20,Childrens Sudafed PE
21,Up and Up Mucus Relief Cold and Sinus
22,Amlodipine Besylate and Benazepril Hydrochloride
23,"Butalbital, Acetaminophen and Caffeine"
24,Clorazepate dipotassium
25,Torsemide
26,FNG
27,Warfarin Sodium
28,Health Smart Antibacterial sweet pea orchid
29,Promethazine hydrochloride
30,Benztropine Mesylate
31,FATIGUE RELIEF
32,Eczema Headache
33,Lidocaine Hydrochloride and Epinephrine
34,Gentle Laxative
35,Gallbladder Liver Meridian Formula
36,Neutrogena Intensified Day Moisture
37,Sabina Kit Refill
38,DEXAMETHASONE Sodium Phosphate
39,PHOTOSHOT 3D BB BALM
40,ZANTAC
41,MAXALT
42,Morphine sulfate
43,Pleo Nig
44,Painful Menstruation
45,Olanzapine
46,Beefwood/Australian Pine
47,Terbutaline Sulfate
48,Tinactin
49,ENALAPRIL MALEATE
50,Nighttime
51,Ceftriaxone Sodium
52,Truvada
53,Zonisamide
54,Candida tropicalis
55,Eczemaforce
56,Clobetasol Propionate
57,Sorbet APF
58,Ibuprofen
59,azithromycin
60,Bruises Gone
61,Levetiracetam
62,Olanzapine and Fluoxetine
63,Alka-Seltzer Plus Severe Allergy Sinus Congestion And Headache Formula
64,Aciphex
65,Hydrating Instant Hand Sanitizer
66,aspirin
67,Enoxaparin Sodium
68,Anxiety
69,Sulindac
70,Zohar Toothpaste
71,Homeopathic HCG Formula
72,Bakers Yeast
73,Phenytek
74,COLAZAL
75,Flurazepam
76,SHISEIDO PERFECT REFINING FOUNDATION
77,Furosemide
78,PRAMOSONE
79,Potassium Chloride in Dextrose
80,Se-Natal 19
81,Prochieve
82,Ciprofloxacin
83,sinus pressure and pain
84,Age Spot Control
85,Chlorzoxazone
86,Naproxen Sodium
87,Ropinirole Hydrochloride
88,Captopril
89,White Birch
90,Multivitamin with fluoride
91,Shagbark Hickory
92,LEADER Cough Drops Menthol Flavor
93,Amidate
94,SKIN CAVIAR CONCEALER FOUNDATION SUNSCREEN SPF 15 - Soft Beige
95,Mysotrol No Rinse Antiseptic Hand Cleanser
96,Indigestion
97,Secret Clinical
98,Cefdinir
99,Stavudine
100,CENTER-AL - OLEA EUROPAEA POLLEN
