1,Barnett,Iley,11-509-4588
2,Caria,Klos,62-234-3660
3,Isa,Fentem,08-486-1241
4,Sanderson,Summerell,80-690-4682
5,Kimball,Brogden,34-397-8782
6,Ignace,Soaper,29-123-5839
7,Jolene,Brosetti,95-031-8410
8,Cyril,Sieur,53-737-4917
9,Jorrie,Hane,48-614-8692
10,Port,Bravey,91-049-6962
11,Lela,Manion,39-182-5512
12,Brian,Pert,50-572-5532
13,Myrtia,Bonnette,82-007-2948
14,Herc,Maidstone,04-001-5889
15,Beaufort,Alison,33-738-1555
16,Rupert,Belly,50-296-7338
17,Jordana,Chese,92-570-6008
18,Stephana,Parsand,76-209-8599
19,Fernandina,Worssam,33-014-9458
20,Oralla,Bariball,58-122-3284
21,Aleece,Addenbrooke,93-492-7416
22,Lynnette,Kilrow,99-214-7274
23,Madison,Tafani,84-875-8015
24,Harmonia,Brooksbank,51-101-6769
25,Junia,Kunath,64-369-4176
26,Eliot,Somerled,08-596-2083
27,Corilla,Perez,56-727-6076
28,Frederigo,Atter,95-337-8572
29,Charmian,Wilcocke,81-114-8768
30,Kizzie,Sturdy,00-685-3989
31,Stanfield,Cornock,67-343-6283
32,Carmela,Saywell,35-559-5560
33,Carilyn,Kinney,04-005-7437
34,Merlina,Noel,45-522-3213
35,Alex,Sigward,87-168-6213
36,Cassondra,Clynman,39-419-8060
37,Henrie,Karolczyk,89-633-4380
38,Jannelle,Ruddle,37-521-5977
39,Cheryl,Peers,21-562-2841
40,Lucine,Chasen,72-719-5548
41,Kelvin,Scutching,97-671-5252
42,Reagen,Haire,34-319-8223
43,Lambert,Di Franceshci,41-664-5814
44,Yolande,McDonald,36-720-3599
45,Nathaniel,Burghill,00-971-2939
46,Ase,Ielden,90-152-9079
47,Rollin,Shew,59-548-3832
48,Abbott,Adlington,92-241-1448
49,Abbe,Baughn,54-441-9326
50,Merci,Bresnen,36-273-7472
51,Everett,Record,50-575-2309
52,Carolynn,Wager,01-692-3778
53,Aigneis,Rumke,93-953-9976
54,Sid,Holdworth,19-350-9865
55,Robina,Tregunnah,75-663-0094
56,Phil,Burbidge,91-920-2100
57,Maddy,Wilde,03-340-6185
58,Bevvy,Brood,53-966-2005
59,Peggie,Burlay,06-994-0180
60,Rogerio,Gaber,81-896-2112
61,Jaymie,Taverner,86-749-3954
62,Tandy,Feely,82-002-7473
63,Leigh,Caress,95-663-9577
64,Iolande,Croxall,03-103-1664
65,Dasi,Coniff,14-275-6798
66,Suki,Marks,43-581-5349
67,Yoko,Kingsmill,43-736-9269
68,Celestia,von Nassau,89-444-4929
69,Austina,Vertey,75-410-6054
70,Tania,Batch,78-728-5739
71,Jayson,Bankhurst,68-297-3670
72,Brandon,Yeliashev,47-987-1669
73,Konrad,Dobeson,49-411-4838
74,Chrotoem,Oldaker,35-848-9349
75,Aviva,Leamon,04-353-2447
76,Marena,Toffoletto,22-503-7046
77,Brandi,Trethewey,37-252-0857
78,Addie,Potkin,68-245-5996
79,Rudiger,Pally,08-046-9829
80,Darcy,Shakesby,73-970-9431
81,Clerissa,Milne,70-034-3668
82,Jaimie,Ronchi,84-120-8966
83,Keslie,Ravenscroftt,59-971-4028
84,Biddie,Hafner,41-969-5826
85,Eyde,Floyed,61-046-5642
86,Ryley,Aykroyd,45-810-2822
87,Alexa,Grigoriev,55-268-0654
88,Rose,Bonar,62-435-0637
89,Phyllis,Ivushkin,83-710-1274
90,Taryn,Cicutto,77-770-8086
91,Bryn,Di Carli,24-249-5726
92,Netty,Boughton,82-268-7596
93,Dimitri,Asson,81-894-3447
94,Modesty,Glavias,74-431-6340
95,Tessa,Hanster,89-470-4778
96,Raquela,Mayman,21-604-2687
97,Anallise,Chippindale,68-828-8236
98,Magdalen,Olifaunt,03-841-7034
99,Craggie,Goodlife,39-250-1009
100,Wandie,McDougle,35-064-1347
101,Colas,Ensten,24-683-8169
102,Faith,Hardwin,43-220-7162
103,Alvina,Fuzzens,58-071-9379
104,Jamie,Dilleway,38-381-1744
105,Tanitansy,Armatidge,71-426-2529
106,Alaric,Algy,95-171-0551
107,Clerc,Carrigan,92-239-9447
108,Renate,Coleford,10-881-5130
109,Katinka,Cayet,39-235-5110
110,Irving,Stower,68-586-1049
111,Edd,Oldnall,71-427-7409
112,Pacorro,Duffett,46-584-5988
113,Erskine,ffrench Beytagh,38-595-1892
114,Linzy,Jopling,12-235-9613
115,Isac,Kohler,94-935-3694
116,Yvette,Ledson,00-698-4909
117,Augustin,Kyne,21-801-4097
118,Hymie,Creavan,81-131-1922
119,Sella,Dainter,59-640-4113
120,Fredric,Paternoster,28-013-5276
121,Garvin,Lawden,06-414-9340
122,Agosto,Fears,56-630-5103
123,Alexandr,McCurdy,27-159-2262
124,Dom,Dominelli,39-174-4816
125,Carlin,Riha,56-526-9570
126,Arlen,Vermer,25-093-3890
127,Toby,Muslim,19-944-2261
128,Germaine,Beller,13-075-6052
129,Vasilis,Hindmoor,94-347-2719
130,Lemmie,Hebblewhite,48-320-1538
131,Charlotta,Cage,81-487-5454
132,Cordie,Lethieulier,73-313-8315
133,Dinah,Alessandrucci,67-208-4657
134,Nicola,Stallen,47-303-2945
135,Corabella,Castellan,22-643-9815
136,Clara,Cussen,52-594-5380
137,Steve,Ostridge,63-453-8219
138,Syd,McGinnell,37-685-9411
139,Neale,Habble,30-735-3213
140,Egon,Cartmael,12-740-5986
141,Barbabas,Senechault,38-842-8136
142,Cacilia,Kyte,01-368-7696
143,Othella,Nund,81-737-7857
144,Diana,Pitford,40-173-9637
145,Corrine,Malenoir,00-189-0871
146,Buddy,Mahon,31-013-2202
147,Gail,Penn,94-188-8631
148,Isabella,Laxson,77-098-3342
149,Yulma,Quarry,31-666-2945
150,Hartwell,Pecht,62-114-2514
151,Tyrus,Pawelski,12-032-7072
152,Elyssa,Phillcox,74-942-9702
153,Guthry,Marquis,68-289-5072
154,Hyacinthie,Blunn,99-921-9171
155,Ciel,Barreau,79-016-7681
156,Frederico,Blackledge,88-031-1765
157,Colette,MacKnight,06-025-5012
158,Bellina,Pottiphar,22-585-0509
159,Raquel,Bruneau,70-941-0221
160,Bobbi,Greeveson,00-222-9873
161,Beitris,Schonfeld,73-978-3300
162,Bruce,Smylie,06-096-1445
163,Irwin,Di Bartolomeo,65-526-0777
164,Ortensia,Mathie,95-160-2692
165,Kirby,Winckworth,88-361-1118
166,Jaquith,Jent,37-803-3436
167,Daisey,Batho,97-848-0702
168,Jessamyn,Gislebert,50-373-3011
169,Buffy,Orgen,92-239-0940
170,Bear,Davidovics,59-277-9154
171,Ursala,Pammenter,50-457-7496
172,Farrah,Goalley,77-927-8366
173,Garrot,Watford,49-135-8035
174,Benoite,Klas,94-072-4539
175,Rodd,Kidston,67-943-1616
176,Gavrielle,Vaugham,09-869-5371
177,Cassondra,Kestian,79-001-9244
178,Tremaine,Meigh,80-440-4121
179,Carolee,Le Noir,07-364-5314
180,Jorge,Esplin,44-525-3778
181,Isidoro,Plaide,86-232-5938
182,Leela,McAlester,78-559-4554
183,Lynnette,Cargenven,84-293-1328
184,Ahmed,Mattin,11-866-8968
185,Patty,Stoeckle,67-303-0149
186,Clarey,Durbyn,56-562-4346
187,Lilah,Aimeric,21-664-4428
188,Marcela,Livick,56-207-9522
189,Paula,Gadsby,62-588-2279
190,Alvie,Panton,94-777-4187
191,Rayshell,Daniel,98-632-7202
192,Jessee,Saenz,92-527-0095
193,Connie,Biaggioli,86-287-7441
194,Terrill,Tale,83-046-9614
195,Rem,Deas,42-868-0383
196,Elle,Mobberley,12-539-0463
197,Enriqueta,Medlicott,42-324-1679
198,Gamaliel,Skells,86-066-3722
199,Mickie,Tinline,65-529-6087
200,Geralda,Durgan,25-435-7334
201,Rayner,Keunemann,34-088-0177
202,Celene,Richardson,00-366-7311
203,Blanch,Jancey,64-560-6269
204,Leila,Guillot,91-578-5711
205,Asher,Nuzzti,18-698-3086
206,Decca,Lehemann,71-063-2119
207,Finn,Norwich,23-383-3812
208,Henrieta,Kryska,61-897-2697
209,Valdemar,Sheriff,07-743-3283
210,Glynnis,Breslane,11-710-5959
211,Laney,Davoren,64-161-2093
212,Kaleena,Tocher,88-199-7656
213,Beverlie,Pyper,12-744-9918
214,Annabella,Cassedy,43-664-6780
215,Herschel,Jarry,54-201-6234
216,Vince,De Cruz,48-744-1228
217,Yovonnda,Gawkes,87-139-7096
218,George,Thorpe,29-316-6687
219,Veradis,Jorin,86-630-3424
220,Maureene,MacComiskey,25-534-5063
221,Dore,Madden,55-861-0959
222,Andy,MacKeague,13-153-5827
223,Milton,Snalham,21-695-3455
224,Sonny,Olenin,45-320-7083
225,Clay,Steadman,97-202-1772
226,Pepe,Boucher,36-378-0291
227,Ursuline,Shemmin,40-555-3258
228,Alina,Stranio,35-116-8664
229,Evvie,Huntriss,09-006-2270
230,Guillemette,Brettell,91-013-8539
231,Demetrius,Gaitskill,18-151-6463
232,Kingsly,McNicol,69-461-0756
233,Misti,Whether,37-673-7057
234,Pembroke,Tedder,19-035-1175
235,Ennis,Hernik,52-952-7449
236,Royce,Elwill,63-179-1877
237,Olimpia,Eakins,18-665-9044
238,Collette,Boldt,35-928-2092
239,Hasheem,Goricke,48-453-3816
240,Sherman,Cheer,62-812-1687
241,Lesya,Brabin,23-480-6075
242,Kirby,Neem,98-268-1078
243,Tedman,Trevaskis,60-960-4555
244,Niki,Millyard,64-542-5890
245,Ingelbert,Kinloch,78-547-4338
246,Eduard,Paulig,36-930-8800
247,Priscella,Bertouloume,82-788-9609
248,Mandel,Presidey,07-975-7086
249,Susie,Beeckx,28-051-6737
250,Amber,Peggs,90-339-5771
251,Missy,Crayke,86-898-3277
252,Ardis,Moorhead,35-946-7052
253,Cammy,Macilhench,92-114-0637
254,Emylee,Bartelet,56-355-6409
255,Winifred,Seignior,21-892-1971
256,Kaela,Oneile,63-398-8695
257,Merlina,Jepensen,81-119-3822
258,Ruthi,Johnsee,20-140-1937
259,Raleigh,Wanklin,35-485-4173
260,Letti,Timcke,64-283-4020
261,Orsola,Ager,19-178-6723
262,Tudor,Leek,24-297-2547
263,Alexa,Shiers,43-677-1781
264,Cyndia,McAw,18-588-6471
265,Alanson,Milius,69-478-5776
266,Jermayne,Gemlett,06-509-2996
267,Hortense,Zuan,51-478-6618
268,Worden,Stothart,67-761-9579
269,Roda,Rousby,38-129-0391
270,Kathlin,Anchor,95-485-2783
271,North,Gauvain,54-884-6307
272,Minnnie,Spadotto,66-462-9960
273,Ingemar,Jeratt,93-640-5522
274,Gisele,Brabant,81-059-6585
275,Charlie,Thomson,01-033-1266
276,Marleah,Flancinbaum,36-371-5720
277,Robers,Yarnton,80-258-5647
278,Beatrisa,Egdell,07-295-9779
279,Brunhilde,Dobrovolny,78-997-5226
280,Farris,McVeigh,51-530-6689
281,Celestina,Babar,96-785-1028
282,Maybelle,Butler-Bowdon,47-436-9565
283,Denice,Cudd,99-027-0233
284,Schuyler,Cescoti,36-469-2510
285,Arleen,Lutz,90-306-0138
286,Serena,Kershaw,22-371-0777
287,Jaclin,Furmedge,83-811-5248
288,Vitoria,Mackinder,98-964-7335
289,Matthieu,Waple,00-378-1133
290,Giffy,Steele,68-565-1056
291,Fee,Girone,89-318-2569
292,Katrinka,Sworn,75-979-6670
293,Susanne,Scottesmoor,80-743-9699
294,Wyatan,Gowman,10-308-0945
295,Edyth,Tomson,32-855-7763
296,Mirna,Iacovini,82-051-3997
297,Kathlin,Lanney,32-857-1469
298,Patrizio,Fulleylove,67-981-1490
299,Sheryl,Buckberry,54-882-5565
300,Ab,Stiebler,87-732-3279
301,Aveline,Gravie,91-387-2773
302,Graeme,Wethey,87-211-0564
303,Earvin,Brookesbie,28-303-9008
304,Sula,Folbigg,92-160-0074
305,Tandi,Burdytt,03-390-7016
306,Hart,Heasly,82-726-0240
307,Sigrid,Hanshaw,22-040-5609
308,Thayne,Cardoe,94-509-5248
309,Pierre,Maides,18-081-3775
310,Brooks,Bails,63-461-4188
311,Tamar,Storkes,13-187-5697
312,Zelma,Fernando,23-947-0936
313,Orbadiah,Eaddy,63-021-7126
314,Claudetta,McKelloch,86-486-3090
315,Aimil,Pitkaithly,08-440-3580
316,Elyse,Childe,07-306-1663
317,Jeramie,Braven,09-261-1164
318,Fletch,Jebb,14-544-9555
319,Corrianne,Drennan,12-543-6348
320,Niven,McInnes,94-492-4336
321,Diana,Bravey,31-055-2104
322,Ardene,Deverill,66-871-5851
323,Granny,Cahan,68-788-1603
324,Benjie,Rosenthal,80-768-9875
325,Savina,Bromilow,34-738-9910
326,Reggi,Elsdon,14-354-7190
327,Shaylah,Siddon,60-594-1776
328,Virgina,Farryn,44-848-3773
329,Gloria,Fetteplace,11-028-1902
330,Waly,MacInnes,25-385-5033
331,Otto,Spencock,29-493-2333
332,Donn,Minett,63-304-7867
333,Edie,Swallow,19-680-9974
334,Hamilton,Jonah,12-886-1267
335,Julio,Cracoe,29-989-8212
336,Sile,Duffield,49-565-8598
337,Tedda,Moreside,52-426-2148
338,Annalise,Drewell,15-668-4833
339,Paton,Andryushin,45-544-6105
340,Gabriella,Hellwig,24-714-4507
341,Tobe,Goldthorp,16-596-8545
342,Estele,Alman,51-310-5769
343,Cele,Eldered,89-825-3855
344,Natalya,Elloy,18-511-3339
345,Lonnard,Keighly,98-087-2981
346,Maddy,Dwelling,60-361-7912
347,Nye,Jodlowski,86-170-9585
348,Marmaduke,Petruska,31-345-2145
349,Ricardo,Minchindon,95-119-8669
350,Nina,Cowton,89-035-6559
351,Page,Cluatt,51-275-3192
352,Mar,Meriot,67-556-5362
353,Trixi,Easom,25-805-9551
354,Stephi,Maus,64-585-0679
355,Nicola,Lowey,25-852-8699
356,Merwyn,Blackaby,63-776-2619
357,Melamie,Brainsby,83-817-9764
358,Janey,Pollins,98-000-2885
359,Corrie,Blackhurst,79-138-7557
360,Jessica,Bernardotte,45-636-7047
361,Arabella,Chrestien,83-082-2738
362,Eve,Rowe,01-656-4785
363,Rahal,Bennet,28-637-3468
364,Jeri,Cumberland,16-671-7720
365,Jillie,Hellcat,33-803-4775
366,Chelsey,Atterbury,39-975-0884
367,Anjela,Ashbridge,92-953-0267
368,Dulcie,Readhead,97-097-5904
369,Frederique,Finlan,94-432-8368
370,Sutherlan,Rougier,64-664-1847
371,Deanna,Cheesman,73-886-8317
372,Maximilianus,Kopec,58-546-7628
373,Yvon,Gitting,55-850-8085
374,Barnebas,Croxall,05-288-3210
375,Clevie,Loudwell,81-078-4965
376,Alyse,Massinger,39-484-8445
377,Rodrick,Hollyard,32-426-8926
378,Dall,Cheves,29-581-0092
379,Michell,Solleme,23-408-2241
380,Sherill,Wyllie,40-223-2950
381,Gwendolin,Marples,58-386-3824
382,Christoph,Crilly,63-765-3636
383,Vivyan,Ternott,32-315-5612
384,Rob,Adriano,42-299-6726
385,Estell,Fullylove,03-921-9916
386,Trude,Adamiec,64-548-7566
387,Claudine,Kenneway,61-380-9945
388,Letta,Normanell,47-495-1559
389,Gardie,Liverseege,80-080-6802
390,Brittany,Ruperto,22-143-8041
391,Roxine,Mayes,55-618-7860
392,Pat,Colenutt,74-170-4944
393,Gawen,Sommerled,99-407-9830
394,Hewie,Orans,90-909-2716
395,Lezley,Tearny,09-548-9441
396,Fredi,Screeton,68-925-4239
397,Melvyn,Westall,68-167-2437
398,Rebeca,Masser,65-622-5707
399,Loren,Neeves,48-923-4458
400,Fernando,Dryburgh,43-480-5532
401,Trude,Hawtrey,50-554-8692
402,Caleb,Niven,07-063-3813
403,Tamiko,Sink,08-344-6269
404,Crista,Worham,55-282-5305
405,Eden,Pettus,35-932-3030
406,Bennie,Josefowicz,46-283-1748
407,Alessandra,Lamberts,03-680-9832
408,Raymund,Stienton,45-171-8518
409,Cordelie,Hexam,23-442-0581
410,Lynn,Poulglais,46-804-5713
411,Vyky,Bellany,61-209-1687
412,Boot,Dupey,04-232-0443
413,Mata,Terbruggen,12-161-7274
414,Nataniel,Reddyhoff,17-966-5339
415,Mauricio,Benninck,62-274-8938
416,Tanhya,Peres,87-501-1540
417,Carole,Shillaker,62-838-4422
418,Betsey,People,86-181-8112
419,Urbanus,Schieferstein,52-181-6928
420,Hulda,Imrie,79-201-1788
421,Sydney,Jimenez,65-457-0593
422,Grant,Densell,62-144-0911
423,Kincaid,O'Driscole,22-607-8895
424,Bailie,Branni,09-256-2048
425,Jakob,Tippler,60-113-8645
426,Nertie,Spiring,85-085-1571
427,Emmi,Soares,53-633-1201
428,Allyce,Verbrugghen,92-228-2436
429,Benjie,Povah,91-495-8508
430,Drud,Rogers,62-200-2504
431,Berton,Carette,67-755-2641
432,Amie,Yakushkin,78-147-8932
433,Forster,Machon,17-702-4657
434,Tracie,Hellis,15-289-2351
435,Editha,Dunniom,02-395-5944
436,Florrie,Geram,10-049-9843
437,Keeley,Forsbey,37-150-2218
438,Martina,Hymer,71-376-3582
439,Buffy,Ferrier,80-766-5855
440,Veronica,Bewicke,96-775-1132
441,Sander,Harrell,98-977-4526
442,Torrin,Whitman,38-233-2372
443,Raviv,Pavia,01-803-1733
444,Baldwin,Woolfenden,96-231-7665
445,Conni,Caw,46-822-5988
446,Cindi,Dart,20-168-7181
447,Birch,Cuddon,54-990-0744
448,Doralin,Rimmer,04-540-7250
449,Nonie,Manderson,74-461-2163
450,Debor,Lathey,12-609-9442
451,Fleur,Guirard,54-529-5433
452,Olivette,Mannagh,08-607-6068
453,Courtney,Basil,56-862-7085
454,Dorolice,Silverthorne,05-624-2938
455,Dwight,Walicki,94-224-8586
456,Clayborne,Suche,27-364-8520
457,Mort,Geraudel,26-264-2157
458,Bili,Ecclestone,73-300-6094
459,Rutledge,Fishby,04-212-9572
460,Crichton,Cork,12-342-9835
461,Kathryne,Le Pine,28-206-7808
462,Katharine,Blumson,79-420-3220
463,Burty,Gosselin,05-416-0455
464,Garfield,Casone,03-570-2486
465,Vance,Shearsby,63-739-8015
466,Sal,Traviss,47-500-4542
467,Denis,Hartnup,01-910-6886
468,Milena,Haggus,06-096-2057
469,Morgen,McConaghy,58-070-3787
470,Margi,Argrave,49-585-8221
471,Auria,Edmeades,05-815-3643
472,Katherine,Mimmack,85-162-9564
473,Orelia,Brailey,40-322-5033
474,Ambrosius,Fayers,48-292-6074
475,Ariel,Taunton.,51-951-7320
476,Dalston,Rentcome,90-313-3116
477,Rickert,Lissett,09-485-8348
478,Justen,Cowl,22-717-6827
479,Sondra,Digginson,28-071-4325
480,Krispin,Spratley,01-523-1833
481,Vyky,McCalister,91-596-8372
482,Denver,Thatcham,29-466-1329
483,Karol,Spadaro,23-454-2390
484,Ansell,Wickardt,57-967-2923
485,Hally,Shearston,31-000-7150
486,Oralie,Ringwood,20-424-5721
487,Birch,Kynnd,12-848-2236
488,Brent,Delamaine,41-039-6811
489,Carney,Mountcastle,50-881-7618
490,Susan,Gresly,49-583-6230
491,Kaiser,Aicken,37-925-3885
492,Saleem,Hagley,75-291-8519
493,Dorrie,De Ruel,46-751-9841
494,Collin,Gaskin,23-576-9074
495,Archambault,Chape,16-126-0599
496,Sammie,Roffey,80-834-6954
497,Cassaundra,Jaycox,56-827-9181
498,Alf,Koeppe,66-422-8167
499,Luigi,Dutnell,54-022-9772
500,Glynn,McKie,67-640-3630
501,Sigfrid,Jay,56-452-7248
502,Kellsie,Cicchillo,88-599-8804
503,Adrian,Tombling,90-120-8453
504,Patrica,Jarley,35-944-2782
505,Moina,Seakings,23-718-5626
506,Easter,Sore,66-415-6191
507,Andrey,Luciani,80-477-8363
508,Alon,Conkling,01-264-7715
509,Vincenz,Thornewell,60-563-3108
510,Thane,Gulliford,97-211-0159
511,Erl,Yeld,98-932-8941
512,Boigie,Chastand,43-351-7065
513,Catlin,Sleet,18-398-8857
514,Cammie,Strivens,36-289-3876
515,Jimmie,Stranieri,17-649-0994
516,Creigh,Mosdall,48-075-8692
517,Noach,Waterhowse,79-174-5540
518,Jenilee,Cecely,38-558-3436
519,Lilyan,Mitchener,57-078-8501
520,Judi,Lockley,65-361-4470
521,Billie,Gonneau,61-412-8230
522,Kean,Farnish,03-602-9154
523,Cecilio,Henbury,66-862-8015
524,Jone,Haxby,23-648-4463
525,Chev,Spilsbury,14-157-9604
526,Tris,Trewinnard,73-011-3673
527,Charmian,Saturley,48-436-7397
528,Kalle,Mounch,54-218-9076
529,Dasi,Odom,71-008-0028
530,Dorey,Coppock.,11-113-5069
531,Mead,Goaks,85-186-8112
532,Hedvige,Spatari,35-982-2332
533,Tristan,Rattray,09-127-4209
534,Bambie,Arnao,24-285-9944
535,Rani,Bonelle,55-450-9879
536,Raviv,Mattiello,72-765-9298
537,King,Guerner,28-440-2515
538,Vilma,Abels,69-328-0808
539,Holt,Blankau,39-445-5987
540,Nessy,Challender,05-233-6504
541,Lorettalorna,Pellington,39-501-6385
542,Mill,Dannatt,13-026-1201
543,Davin,Emson,81-468-5803
544,Effie,Alvarez,98-822-5943
545,Coralie,Piddington,78-843-1551
546,Jaynell,Worts,13-638-5822
547,Bradley,Fusedale,75-128-9750
548,Web,Haddrell,29-759-6631
549,Dennie,Sothcott,73-940-8689
550,Stacia,Kornyakov,10-888-5930
551,Arnaldo,Wardesworth,49-283-8139
552,Lonee,Worvill,20-602-8306
553,Arielle,Sharpin,01-710-2308
554,Gerianna,Pridding,69-648-0819
555,Anestassia,Mattinson,63-991-7134
556,Lorena,Mogenot,68-105-4924
557,Jeane,Keeley,99-951-5453
558,Mario,Bows,37-523-4958
559,Idaline,Oleksiak,82-798-4459
560,Orran,Sprowell,52-355-9079
561,Lock,Kevlin,19-844-3385
562,Kelcie,Boanas,20-975-3925
563,Sigismund,Epilet,16-749-5405
564,Alicia,Corcoran,48-055-0551
565,Violet,Matveiko,87-462-6522
566,Sadye,Force,01-808-1270
567,Dianemarie,Langthorne,75-662-0393
568,Noel,Durman,06-849-1372
569,Edeline,Cellone,49-290-5067
570,Agathe,Botterill,03-327-5617
571,Jenine,Dootson,00-657-9551
572,Titus,Goodliffe,33-739-8291
573,Lenard,Humpherson,43-137-0336
574,Nikolia,Godfrey,92-317-8242
575,Callie,Christophle,02-405-9497
576,Justinn,Coaker,20-732-9135
577,Winona,Balsdon,79-284-8992
578,Filberte,Rosewarne,75-115-5773
579,Rochelle,Yankeev,77-219-1372
580,Lesly,Halahan,65-926-1568
581,Penni,Cavy,42-952-5735
582,Chelsae,McBride,76-854-4079
583,Thaddus,Fransman,54-368-2932
584,Danya,Carlisle,67-997-1834
585,Yorke,Bineham,12-993-5634
586,Desmund,Schoales,88-449-3058
587,Jerrie,Feldon,69-613-9639
588,Rhett,Lebang,96-842-8901
589,Nettie,Beeho,71-645-3658
590,Judon,Patrie,22-264-9502
591,Francesca,Hodgon,74-214-5219
592,Merry,Thrustle,68-662-7607
593,Chrisy,Rallings,97-066-5126
594,Beitris,Scrivens,89-166-9171
595,Lee,Joffe,83-008-0682
596,Margot,Climer,35-629-7365
597,Charo,Pyford,01-328-7760
598,Tildi,Giacobilio,87-455-6816
599,Joelle,Farnie,31-316-1751
600,Bessy,Blackey,63-068-5063
601,Aymer,Kondrachenko,27-315-3729
602,Milty,Di Antonio,72-623-3489
603,Alexia,Taberer,45-697-0878
604,Susanne,Geoghegan,58-661-6236
605,Don,Brockway,80-459-2843
606,Berk,Keller,89-297-3528
607,Creight,Reilingen,07-540-6872
608,Pamela,Ahmed,00-331-4777
609,Claudell,Capponer,78-109-4071
610,Cornall,Hendrick,19-242-7037
611,Jamison,Toon,98-383-0294
612,Ediva,Limeburn,60-653-7283
613,Dmitri,Whether,13-227-4123
614,Sianna,Murt,21-609-5166
615,Ethelind,Treacher,05-788-7074
616,Karol,Newcomen,79-528-0108
617,Salvador,Presdee,75-545-0990
618,Isac,Kempstone,94-032-3133
619,Leeann,Caves,49-720-9757
620,Vernice,Jeffery,53-561-3540
621,Edmund,Riche,98-688-8423
622,Leonanie,Limbrick,44-736-9460
623,Donn,Michelet,65-002-3175
624,Ariel,Maier,89-127-9899
625,Annabela,Duckwith,39-092-6363
626,Stu,Evershed,41-140-3135
627,Jennica,Riping,88-346-3551
628,Benson,Sholem,24-954-4786
629,Donaugh,Kreutzer,87-329-4295
630,Renard,Abbado,97-020-4949
631,Nerissa,Mowles,02-254-8622
632,Vick,Beminster,16-851-4299
633,Abeu,Geratasch,08-448-9889
634,Lisabeth,Lemmon,15-605-5397
635,Julius,Huske,56-779-8074
636,Joyan,St. Hill,00-348-3975
637,Morley,Dobell,98-278-3289
638,Teador,Fittis,43-252-8326
639,Kaye,Rubery,09-260-5093
640,Korry,McCool,75-270-5854
641,Kristofor,Woodruff,93-106-3914
642,Hirsch,Heilds,71-219-2445
643,Sher,Cooke,29-343-0764
644,Justinian,Gawthorpe,81-433-9439
645,Juliann,Ourry,25-445-6813
646,Mariska,Bourdon,36-177-2595
647,Dulcine,Bemrose,83-554-0829
648,Kathye,Benoiton,38-454-0119
649,Terrye,Worms,26-269-2970
650,Hodge,Grubbe,85-866-5242
651,Elijah,Balloch,57-918-8787
652,Madison,Ovill,06-279-2211
653,Maribel,Pottinger,56-887-3698
654,Orlan,Comfort,71-214-0682
655,Piggy,McGlone,11-687-7552
656,Madison,Brendeke,30-190-7298
657,Pet,Madgewick,78-924-1907
658,Davide,Boggis,90-364-0440
659,Nissie,Benion,09-800-9017
660,Palm,Carmichael,46-386-7489
661,Devi,McLeary,97-251-3155
662,Glynda,Semiraz,93-251-7837
663,Rodger,Matthisson,38-159-9738
664,Giavani,Ganders,10-131-3598
665,Curtis,Dreier,86-273-9968
666,Glynnis,Kilpatrick,34-399-7557
667,Susie,Millberg,94-033-6317
668,Alfred,Vasilov,74-687-0457
669,Euphemia,Fitchew,27-367-1213
670,Salem,Dunne,82-010-0325
671,Jeniffer,Basler,03-834-3710
672,Martha,Craker,86-491-4121
673,Rodolphe,Bleesing,20-048-3385
674,Bary,Briztman,73-862-7235
675,Maisey,Jacklin,43-794-2616
676,Dugald,Matushenko,15-827-0654
677,Rodge,Dunbobbin,84-780-4951
678,Jorgan,Askem,76-488-2141
679,Keenan,McCobb,16-660-0099
680,Car,McIllroy,61-844-4065
681,Johny,Clare,89-718-9013
682,Sharlene,Langman,15-733-4850
683,Garrek,Andreuzzi,36-131-3335
684,Jonah,Yarrington,83-197-9671
685,Howard,Gravett,73-647-4589
686,Welbie,Beetham,74-740-0932
687,Carlita,Fulop,68-284-5933
688,Briano,Burgise,22-215-4455
689,Emiline,Copestick,40-348-6763
690,Delano,Getty,77-689-4551
691,Portia,Kleinberer,63-849-3744
692,Georgianne,Martinat,92-863-0895
693,Corliss,Keepe,00-954-9341
694,Gussie,Gunn,02-101-3324
695,Kalila,Zimmerman,24-633-1859
696,Celle,Elleray,33-857-6207
697,Jarvis,Vecard,68-713-3816
698,Lynnett,Chamberlin,09-728-4255
699,Pascale,Newitt,81-367-4282
700,Glenn,Tapner,47-802-3007
701,Gherardo,Grebner,84-690-1110
702,Teodor,Haugg,58-527-4070
703,Noland,Chinge,79-039-8741
704,Misti,Knibb,60-557-8902
705,Rudy,Ratley,71-261-6137
706,Betsy,Raddish,82-555-2758
707,Elianora,Novotni,48-975-1742
708,Bay,Hirsthouse,94-340-8947
709,Alf,Jury,98-105-2995
710,Barney,Ruppertz,88-194-6850
711,Cynde,Calderon,11-237-6583
712,Tildi,Metts,52-660-9565
713,Kaylil,Whether,52-584-3948
714,Nari,Pillifant,73-804-2079
715,Arthur,Bagot,96-395-4989
716,Maryanna,Kernar,58-762-7684
717,Kathleen,Perrottet,80-705-1015
718,Janey,Lynnitt,00-770-4875
719,Emogene,Stuke,53-846-7201
720,Brooks,Pfaffe,11-312-7410
721,Essa,Dittson,50-100-5589
722,Clari,Tottman,79-148-4647
723,Thorndike,Godard,08-501-3724
724,Issi,Thewys,79-833-2711
725,Glynda,Cunniff,75-713-3832
726,Arden,Newstead,63-860-4138
727,Isadora,Manford,86-315-5461
728,Moises,Allanby,02-773-7354
729,Hailey,Jarrel,63-425-2807
730,Torrie,Darragon,59-753-5540
731,Kaye,Lawland,46-873-5972
732,Cheston,Humerstone,52-554-2974
733,Corabelle,Gallehock,29-321-3151
734,Delmor,Kibard,24-129-3686
735,Danielle,Lydiatt,15-668-0232
736,Dierdre,Valencia,65-029-7259
737,Sophia,Heggison,77-125-0857
738,Melisa,Copcutt,71-692-9311
739,Alyss,Pendlenton,79-393-7170
740,Reuben,Weinham,68-328-4725
741,Alfreda,Jowett,88-516-4697
742,Kerrill,Ruzek,79-193-6602
743,Avrit,Norcliffe,17-576-0893
744,Genny,Wanley,06-250-8209
745,Freemon,Elletson,26-674-0634
746,Jakob,Bollon,26-831-2672
747,Kienan,Balbeck,80-793-8733
748,Sheelah,Hinemoor,53-692-6867
749,Denney,Wastie,04-260-3586
750,Hedda,Thombleson,09-275-9752
751,Deonne,Patriskson,22-234-1805
752,Jammie,Smewings,95-132-0392
753,Luce,Hebbes,83-982-1214
754,Joice,Olek,88-427-0168
755,Milissent,Lander,16-499-7676
756,Quill,Geraud,53-607-5479
757,Frankie,Gaskell,05-134-3716
758,Herschel,Emmines,79-956-9299
759,Lissi,Tolland,72-887-2162
760,Janka,Le Prevost,62-638-7875
761,Clio,Sharpin,40-360-6171
762,Hannah,Petras,44-724-2184
763,Vikky,Blanning,12-789-7408
764,Timmy,Deners,55-277-5652
765,Bettina,Wodham,43-523-1088
766,Laurie,Bignal,93-930-5737
767,Ariella,Bickerdike,31-611-1308
768,Byrle,Kelston,93-679-0620
769,Ally,Flaxon,15-132-4512
770,Town,Kirkman,88-905-7665
771,Yurik,Brittoner,99-006-9490
772,Elly,Slocomb,37-152-5969
773,Berni,Bisson,28-599-8824
774,Astrix,Montier,09-571-0743
775,Wolfy,Hansana,07-905-9066
776,Bink,Evins,79-434-7346
777,Sawyer,MacGillivray,33-701-4440
778,Tara,Cazereau,86-782-3033
779,Esdras,Syrett,16-594-1715
780,Opal,Tudge,01-592-9760
781,Blondelle,Wandrach,48-347-9351
782,Bethany,Butting,31-239-1111
783,Cece,Cardello,90-420-1820
784,Laura,Pigot,16-902-1665
785,Cortie,Whitty,20-841-2371
786,Pall,Hassall,26-092-2237
787,Willy,Baughan,41-979-1864
788,Kimberley,Pachta,72-166-2238
789,Deane,Crop,91-832-8930
790,Maisey,Wathan,19-055-8667
791,Jannel,Boxall,38-612-6530
792,Benn,Wardrop,73-098-5819
793,Lyndy,Foker,34-655-7108
794,Livia,Cholomin,93-069-4312
795,Artie,Lenox,85-157-9973
796,Feodor,Kempson,72-264-0072
797,Persis,Jestico,54-083-0539
798,Easter,McNally,73-584-1624
799,Heath,Shrawley,98-583-6787
800,Spenser,Trappe,94-856-7345
801,Mariya,Daws,53-381-9128
802,Nara,Hryskiewicz,90-858-6956
803,Bastien,Rosenberg,61-866-3819
804,Lida,Edgell,39-512-5255
805,Anne-marie,Gainor,75-019-2855
806,Arlan,Bottomore,15-319-1808
807,Rutter,Ebdon,85-878-6804
808,Karin,Westberg,67-001-5877
809,Willette,Lembrick,03-930-5636
810,Tracy,Hattigan,95-225-0042
811,Tracie,Grassi,40-103-3793
812,Ronnie,Philipeau,96-056-3287
813,Urson,Poole,22-123-5013
814,Zorine,Sidsaff,51-414-6358
815,Tommie,Callam,54-911-2466
816,Daffy,Haggleton,15-722-6566
817,Karalee,Schrinel,52-671-1848
818,Denni,Valentinetti,64-491-9730
819,Sky,Vyse,42-310-6112
820,Pauly,Bollis,54-495-4190
821,Bobbe,Gunny,01-184-3220
822,Dehlia,Haldin,00-402-3368
823,Devon,Edowes,33-229-8420
824,Corri,Abram,92-671-3869
825,Flss,Brody,89-339-5534
826,Jecho,Villaret,24-755-5415
827,Timmy,Boulsher,87-097-0135
828,Miles,Wadeling,73-937-4014
829,Fiorenze,Cossentine,54-921-2144
830,Rosie,Temblett,55-921-4578
831,Noak,Lyford,35-574-1558
832,Fayre,Beggin,88-688-1022
833,Rriocard,Newlands,60-306-0425
834,Blythe,Tuckerman,13-515-9562
835,Keen,Palffy,05-291-0995
836,Boycie,Lowcock,50-691-0040
837,Israel,Diggar,73-144-1492
838,Janos,Lilion,66-266-1656
839,Steffie,Favel,68-597-8343
840,Ammamaria,Ferrieri,32-483-3199
841,Raffaello,Ablewhite,18-798-1905
842,Allx,Metzel,58-052-7897
843,Miriam,Wharin,70-071-5935
844,Johanna,Barbrook,14-522-3383
845,Dominique,Finden,99-176-9433
846,Shane,Sweetenham,23-005-6935
847,Belvia,Muslim,15-723-2061
848,Trixi,Fowden,65-047-5012
849,Olwen,Jozefowicz,71-452-8043
850,Minne,Ciani,52-620-3218
851,Avis,Feldklein,66-818-6993
852,Elroy,Keynd,92-200-7868
853,Judi,McCloid,48-148-8684
854,Beltran,Gerault,49-430-4160
855,Davey,Collett,87-240-3970
856,Olivier,Jessopp,00-843-1312
857,Earle,Kenewell,29-287-8560
858,Cherianne,Daoust,03-672-8245
859,Carleen,Riddler,57-841-1483
860,Clarinda,Pitford,91-146-4451
861,Prent,Esel,56-164-1626
862,Nerissa,Pusill,27-848-7157
863,Ike,Stuckley,85-268-2083
864,Raimundo,Trim,35-453-8738
865,Berky,Etchell,19-679-2556
866,Eden,Gorman,57-074-8682
867,Geralda,Champagne,75-816-7280
868,Vassili,Bazelle,29-459-0262
869,Randall,Jutson,12-056-5986
870,Vin,Iliffe,47-477-9005
871,Rube,Leber,07-112-8520
872,Daphne,Asel,02-294-7098
873,Lena,Senescall,59-395-2624
874,Stefanie,Laverock,65-026-8487
875,Gregg,Maudson,17-280-1460
876,Finley,Kingsnod,35-337-3343
877,Jackie,Thiolier,19-302-3307
878,Brent,Ferrierio,32-337-1264
879,Pegeen,Gerlack,48-987-1088
880,Ive,Bowland,63-232-3781
881,Darsie,Tarn,00-666-3333
882,Dana,Capin,45-213-4607
883,Felita,de Tocqueville,39-386-2253
884,Jobina,Philcott,95-204-3602
885,Wolf,O' Driscoll,25-908-2303
886,Karim,Paynton,28-275-6992
887,Warren,Linney,60-390-1941
888,Eleanora,Hammelberg,84-801-1221
889,Ninnetta,Preon,69-738-8444
890,Kirbie,Placide,76-729-2644
891,Rolph,Walklot,05-436-6138
892,Cinda,Mickelwright,75-098-7069
893,Bo,Whyman,15-772-3764
894,Delores,Jiggen,61-916-9831
895,Mareah,McComiskey,53-135-1985
896,Nanine,Ternouth,62-317-4344
897,Thalia,Jollie,07-605-8921
898,Sophi,Stone Fewings,19-769-3091
899,Joyous,Danniell,79-870-0557
900,Cathyleen,Causnett,26-379-1610
901,Geordie,Corbitt,06-533-5586
902,Kennie,Houldey,93-592-0122
903,Otis,Stubbin,70-056-7854
904,Craggy,Jansa,79-280-1655
905,Saunder,Greatorex,75-776-3539
906,Gianina,Rumbelow,76-333-3941
907,Corny,Adamek,91-484-4768
908,Dell,Lashbrook,27-395-6827
909,Reginald,Tallach,88-637-2358
910,Ben,Mozzetti,31-043-2768
911,Jeff,Crichmere,38-861-5696
912,Celene,Sandcroft,25-153-0207
913,Deane,Finan,69-015-9295
914,Ariadne,Boydell,78-116-6612
915,Florian,Sneyd,36-269-7632
916,Elia,Rankine,56-900-6822
917,Dorelle,Drummer,51-738-5918
918,Ferdie,MacNockater,15-767-7105
919,Hube,Antoszewski,00-824-9786
920,Sheela,Constant,67-954-9952
921,Lucilia,Coping,25-844-7453
922,Louise,Menezes,05-763-3130
923,Cammie,Hars,91-597-4982
924,Anna-diane,Danzelman,77-801-3493
925,Nettie,Nodin,16-407-3427
926,Skyler,Cropper,87-971-9772
927,Umeko,Kearn,07-399-3843
928,Nikki,Torald,16-924-3269
929,Paquito,Creser,39-425-2479
930,Marnia,Mapis,25-338-7770
931,Monty,Wolver,03-859-2009
932,Torin,Mughal,34-037-9441
933,Derby,Camsey,30-375-5392
934,Dugald,Ransbury,55-245-2845
935,Silvester,Allabush,40-338-2600
936,Anjanette,Whittek,05-368-9375
937,Dosi,Sasser,61-723-0313
938,Gerik,Kirwin,68-148-8231
939,John,Matchett,79-734-4794
940,Hulda,Gwinnett,75-176-9415
941,Oneida,Baulcombe,29-803-2028
942,Silas,Loades,74-531-7206
943,Hagan,Sunter,46-701-7528
944,Kakalina,McGruar,30-708-2900
945,Ilyssa,Diprose,33-579-7615
946,Andi,Musla,64-080-3940
947,Monique,Mufford,73-451-8003
948,Misti,Geer,37-016-4361
949,Holmes,Howarth,50-912-6280
950,Eolanda,Gonzalo,75-468-2604
951,Whittaker,Winder,03-681-3439
952,Edouard,Morrad,25-983-7943
953,Amelia,Cornillot,50-964-8854
954,Falito,Compston,36-670-6323
955,Oralee,Chomiszewski,10-082-7372
956,Garrek,Yarrall,74-097-6407
957,Galen,Ashleigh,82-337-5008
958,Danika,Dielhenn,15-204-5466
959,Yulma,Shillingford,99-831-1398
960,Jakob,Baldcock,43-865-1257
961,Kerby,Remer,89-210-2269
962,Erminia,Morrallee,61-210-8017
963,Merilee,Camell,97-188-5843
964,Colver,Skryne,20-045-7712
965,Eli,Franssen,68-202-2176
966,Clementia,Clifford,34-134-2852
967,Renata,Fanton,63-639-4001
968,Juana,Dowry,03-878-1077
969,Dionne,Mahmood,48-006-8173
970,Genvieve,Eckley,81-941-0664
971,Artemis,Scraney,36-297-9993
972,Brand,Willox,16-733-2871
973,Kalie,Holdron,13-683-9454
974,Natka,Confort,67-210-9345
975,Zebulen,Bamsey,18-568-7547
976,Brant,Twinborough,62-786-1679
977,Sandra,Vynoll,85-922-4595
978,Bink,Hoston,47-602-7857
979,Georgianna,McLachlan,13-031-9638
980,Maurita,Reveley,59-644-4624
981,Yuma,Pindar,92-747-0331
982,Lev,Boyton,36-650-7002
983,Alvin,Golde,05-856-2332
984,Neall,Ruhben,41-752-8329
985,Bronson,Grose,65-707-7917
986,Lou,Manchester,41-475-4824
987,Averil,Stockport,50-315-4118
988,Merle,Dabinett,66-370-0412
989,Fawn,Parcell,27-762-6397
990,Abel,Sharples,34-127-0790
991,Jourdain,Nelthorpe,40-246-5397
992,Emmit,Kilday,28-156-9779
993,Rockey,Damsell,57-151-0584
994,Esmaria,Prawle,71-777-8527
995,Nelia,Beades,96-048-6921
996,Rebekah,Robatham,73-284-5249
997,Marwin,Cadlock,69-347-6254
998,Edan,Janu,60-003-5876
999,Hannie,Finley,66-138-1913
1000,Leighton,Attfield,92-425-5769
