1,Jayo,1
2,Riffpedia,2
3,Dabfeed,3
4,Innojam,4
5,Realpoint,5
6,Tagcat,6
7,Oloo,7
8,InnoZ,8
9,Zoonder,9
10,Camido,10
11,Voomm,11
12,Twinder,12
13,Digitube,13
14,Mynte,14
15,Skyndu,15
16,Miboo,16
17,Centizu,17
18,Thoughtstorm,18
19,Jabberbean,19
20,Eayo,20
21,Photospace,21
22,Jabbersphere,22
23,Yodo,23
24,Gabtype,24
25,Bluejam,25
26,Agivu,26
27,Skyba,27
28,Layo,28
29,Yambee,29
30,Thoughtstorm,30
31,Linktype,31
32,Realcube,32
33,Mybuzz,33
34,Blogtag,34
35,Topicblab,35
36,Livetube,36
37,Devbug,37
38,Skalith,38
39,Quimba,39
40,Yodoo,40
41,Skalith,41
42,Gigaclub,42
43,Quatz,43
44,Tagtune,44
45,Jabberstorm,45
46,Thoughtmix,46
47,Ainyx,47
48,Blogtags,48
49,Linkbuzz,49
50,Bluezoom,50
51,Quimba,51
52,Fivechat,52
53,Tagfeed,53
54,Trudeo,54
55,Oyope,55
56,Kwilith,56
57,Myworks,57
58,Wordware,58
59,Voonyx,59
60,Jazzy,60
61,Babblestorm,61
62,Oyope,62
63,Oodoo,63
64,Yamia,64
65,Fanoodle,65
66,Divape,66
67,Fivechat,67
68,Geba,68
69,Zoombox,69
70,Voolith,70
71,Gevee,71
72,Browseblab,72
73,Topicware,73
74,Pixonyx,74
75,Kwimbee,75
76,Trupe,76
77,Dablist,77
78,Brainlounge,78
79,Fiveclub,79
80,Ntags,80
81,Katz,81
82,Thoughtstorm,82
83,Oyoloo,83
84,Cogibox,84
85,Ailane,85
86,Skalith,86
87,Riffpath,87
88,Dabjam,88
89,Gigashots,89
90,Meetz,90
91,Roodel,91
92,Digitube,92
93,Quimba,93
94,Wordtune,94
95,Agimba,95
96,Oyoloo,96
97,Jaxspan,97
98,Tazzy,98
99,Yambee,99
100,Photobug,100
