1,wspomagajacy
2,kojacy
3,wspomagajacy
4,leczniczy
5,kojacy
6,wspomagajacy
7,leczniczy
8,kojacy
9,kojacy
10,kosmetyczn
11,wspomagajacy
12,kojacy
13,leczniczy
14,wspomagajacy
15,leczniczy
16,kosmetyczn
17,kojacy
18,wspomagajacy
19,leczniczy
20,kosmetyczn
21,wspomagajacy
22,leczniczy
23,kosmetyczn
24,wspomagajacy
25,wspomagajacy
26,wspomagajacy
27,leczniczy
28,kojacy
29,kosmetyczn
30,wspomagajacy
31,smieszny
32,kojacy
33,kosmetyczn
34,leczniczy
35,smieszny
36,wspomagajacy
37,kojacy
38,wspomagajacy
39,leczniczy
40,leczniczy
41,kosmetyczn
42,kojacy
43,kosmetyczn
44,leczniczy
45,smieszny
46,wspomagajacy
47,wspomagajacy
48,leczniczy
49,leczniczy
50,smieszny
51,wspomagajacy
52,kosmetyczn
53,kojacy
54,leczniczy
55,kosmetyczn
56,leczniczy
57,leczniczy
58,kosmetyczn
59,kojacy
60,kojacy
61,wspomagajacy
62,wspomagajacy
63,kosmetyczn
64,kojacy
65,wspomagajacy
66,wspomagajacy
67,kojacy
68,wspomagajacy
69,leczniczy
70,kojacy
71,kosmetyczn
72,leczniczy
73,wspomagajacy
74,kosmetyczn
75,kojacy
76,kosmetyczn
77,kojacy
78,leczniczy
79,leczniczy
80,wspomagajacy
81,kojacy
82,kojacy
83,wspomagajacy
84,kojacy
85,leczniczy
86,wspomagajacy
87,leczniczy
88,leczniczy
89,wspomagajacy
90,leczniczy
91,kojacy
92,kojacy
93,wspomagajacy
94,leczniczy
95,kosmetyczn
96,kosmetyczn
97,kojacy
98,smieszny
99,kojacy
100,kojacy
