1,mezoterapia,27
2,peeling,30
3,Zabieg odzywczy,33
4,depilacja,82
5,mezoterapia,4
6,mezoterapia,27
7,mezoterapia,58
8,depilacja,79
9,peeling,86
10,Zabieg odzywczy,87
11,peeling,77
12,Kawitacja,88
13,peeling,18
14,depilacja,35
15,Czyszczenie twarzy,44
16,mezoterapia,25
17,Fotoodmladzanie twarz,21
18,peeling,57
19,Kawitacja,96
20,Fotoodmladzanie twarz,73
21,Kawitacja,64
22,peeling,51
23,Zabieg odzywczy,48
24,Fotoodmladzanie twarz,58
25,mikrodermabrazja,34
26,mikrodermabrazja,22
27,Zabieg lagodzący,3
28,depilacja,1
29,Fotoodmladzanie twarz,58
30,Czyszczenie twarzy,76
31,Zabieg odzywczy,63
32,Zabieg lagodzący,37
33,peeling,94
34,Zabieg odzywczy,94
35,Zabieg odzywczy,74
36,Zabieg Anti-Age,73
37,Fotoodmladzanie twarz,81
38,mezoterapia,3
39,mezoterapia,67
40,mezoterapia,98
41,mezoterapia,59
42,Fotoodmladzanie twarz,70
43,mezoterapia,18
44,mikrodermabrazja,68
45,Kawitacja,66
46,Zabieg Anti-Age,1
47,mikrodermabrazja,73
48,Zabieg lagodzący,7
49,mikrodermabrazja,55
50,mezoterapia,99
51,peeling,6
52,peeling,49
53,Zabieg lagodzący,9
54,Kawitacja,19
55,Fotoodmladzanie twarz,84
56,Zabieg Anti-Age,81
57,Kawitacja,23
58,depilacja,80
59,depilacja,79
60,Czyszczenie twarzy,17
61,Fotoodmladzanie twarz,52
62,peeling,51
63,Kawitacja,41
64,Zabieg Anti-Age,16
65,Zabieg odzywczy,46
66,Czyszczenie twarzy,42
67,mikrodermabrazja,88
68,peeling,99
69,Fotoodmladzanie twarz,61
70,Zabieg Anti-Age,86
71,mezoterapia,44
72,depilacja,96
73,Zabieg odzywczy,55
74,mikrodermabrazja,49
75,Zabieg lagodzący,57
76,depilacja,85
77,Czyszczenie twarzy,33
78,Zabieg lagodzący,11
79,mezoterapia,4
80,Czyszczenie twarzy,67
81,Zabieg Anti-Age,59
82,Zabieg lagodzący,88
83,Fotoodmladzanie twarz,91
84,Kawitacja,53
85,Fotoodmladzanie twarz,30
86,mikrodermabrazja,6
87,Kawitacja,55
88,peeling,67
89,Zabieg lagodzący,91
90,Zabieg Anti-Age,69
91,Zabieg Anti-Age,20
92,Zabieg odzywczy,2
93,mezoterapia,67
94,Zabieg odzywczy,44
95,Czyszczenie twarzy,68
96,Zabieg Anti-Age,45
97,peeling,60
98,mezoterapia,85
99,Kawitacja,93
100,depilacja,6
